chromosome,position_GRCh37,ancestral [note 1],[note 2],reference,alternate,SNP_name,SNP_eq,substitution
Y,15202609,G,,G,A,MPB001,MPB001_eq,transition
Y,8622146,T,,T,A,MPB002,CTS1780_eq,transversion
Y,15853695,C,,C,T,MPB003,CTS1780_eq,transition
Y,22657015,C,,C,T,MPB004,CTS1780_eq,transition
Y,28731705,C,,C,A,MPB005,CTS1780_eq,transversion
Y,9058440,G,,G,A,MPB006,MPB006_eq,transition
Y,14811037,C,,C,G,MPB007,MPB006_eq,transversion
Y,21786976,A,,A,G,MPB008,MPB006_eq,transition
Y,21789685,G,,G,T,MPB009,MPB006_eq,transversion
Y,14111656,G,,G,T,MPB010,Z782_eq,transversion
Y,28537340,G,,G,A,MPB011,Z782_eq,transition
Y,2887944,A,,A,C,MPB012,F5425_eq,transversion
Y,8115275,G,,G,A,MPB013,F5425_eq,transition
Y,14831006,A,,A,G,MPB014,F5425_eq,transition
Y,23881858,C,*,T,C,MPB015,MPB015_eq,transition
Y,8025278,A,,A,G,MPB016,MPB016_eq,transition
Y,8028789,C,,C,T,MPB017,MPB016_eq,transition
Y,13961083,C,,C,T,MPB018,MPB016_eq,transition
Y,15165439,G,,G,A,MPB019,MPB016_eq,transition
Y,15617382,G,,G,A,MPB020,MPB016_eq,transition
Y,15655756,G,,G,T,MPB021,MPB016_eq,transversion
Y,17375351,T,,T,C,MPB022,MPB016_eq,transition
Y,19150663,T,,T,A,MPB023,MPB016_eq,transversion
Y,22774282,G,,G,T,MPB024,CTS2731_eq,transversion
Y,6805454,A,,A,G,MPB025,Y26480_eq,transition
Y,7064934,C,,C,T,MPB026,Y26480_eq,transition
Y,7585563,T,,T,G,MPB027,Y26480_eq,transversion
Y,7587352,A,,A,G,MPB028,Y26480_eq,transition
Y,7769790,C,,C,T,MPB029,Y26480_eq,transition
Y,7829187,A,,A,G,MPB030,Y26480_eq,transition
Y,8037435,A,,A,G,MPB031,Y26480_eq,transition
Y,8057072,C,,C,T,MPB032,Y26480_eq,transition
Y,8238657,C,,C,T,MPB033,Y26480_eq,transition
Y,8259828,C,,C,T,MPB034,Y26480_eq,transition
Y,8783364,G,,G,A,MPB035,Y26480_eq,transition
Y,9401763,C,,C,G,MPB036,Y26480_eq,transversion
Y,14121228,A,,A,T,MPB037,Y26480_eq,transversion
Y,14248738,A,,A,T,MPB038,Y26480_eq,transversion
Y,14485300,G,,G,A,MPB039,Y26480_eq,transition
Y,14758607,T,,T,C,MPB040,Y26480_eq,transition
Y,15279649,C,,C,G,MPB041,Y26480_eq,transversion
Y,15589897,C,,C,A,MPB042,Y26480_eq,transversion
Y,15733103,C,,C,A,MPB043,Y26480_eq,transversion
Y,15979492,C,,C,A,MPB044,Y26480_eq,transversion
Y,16360320,G,,G,A,MPB045,Y26480_eq,transition
Y,16710401,A,,A,G,MPB046,Y26480_eq,transition
Y,17100544,G,,G,A,MPB047,Y26480_eq,transition
Y,17466911,A,,A,G,MPB048,Y26480_eq,transition
Y,17466912,A,,A,T,MPB049,Y26480_eq,transversion
Y,17488000,G,,G,T,MPB050,Y26480_eq,transversion
Y,17632065,A,,A,G,MPB051,Y26480_eq,transition
Y,17640062,C,,C,T,MPB052,Y26480_eq,transition
Y,17800540,T,,T,C,MPB053,Y26480_eq,transition
Y,17893926,G,,G,A,MPB054,Y26480_eq,transition
Y,17966277,G,,G,C,MPB055,Y26480_eq,transversion
Y,18626481,T,,T,C,MPB056,Y26480_eq,transition
Y,18649776,C,,C,T,MPB057,Y26480_eq,transition
Y,18682425,G,,G,A,MPB058,Y26480_eq,transition
Y,18715085,A,,A,C,MPB059,Y26480_eq,transversion
Y,18774285,T,,T,C,MPB060,Y26480_eq,transition
Y,19335597,A,,A,G,MPB061,Y26480_eq,transition
Y,19441882,A,,A,C,MPB062,Y26480_eq,transversion
Y,21227492,A,,A,G,MPB063,Y26480_eq,transition
Y,21230272,T,,T,G,MPB064,Y26480_eq,transversion
Y,22089472,T,,T,C,MPB065,Y26480_eq,transition
Y,23271102,A,,A,G,MPB066,Y26480_eq,transition
Y,23883540,T,,T,A,MPB067,Y26480_eq,transversion
Y,28651124,C,,C,A,MPB068,Y26480_eq,transversion
Y,14376670,G,,G,A,MPB069,Z19482_eq,transition
Y,16750394,G,,G,A,MPB070,Z19482_eq,transition
Y,28612484,A,,A,C,MPB071,Z19482_eq,transversion
Y,28679389,A,,A,T,MPB072,Z5907_eq,transversion
Y,7730471,C,*,G,C,MPB073,MPB073_eq,transversion
Y,2904411,T,,T,C,MPB074,MPB075_eq,transition
Y,6793855,T,,T,C,MPB075,MPB075_eq,transition
Y,8041202,A,,A,G,MPB076,MPB075_eq,transition
Y,8416938,G,,G,A,MPB077,MPB075_eq,transition
Y,8783917,A,,A,T,MPB078,MPB075_eq,transversion
Y,8853387,T,,T,C,MPB079,MPB075_eq,transition
Y,9141584,C,,C,G,MPB080,MPB075_eq,transversion
Y,9142200,C,,C,T,MPB081,MPB075_eq,transition
Y,14387871,G,,G,T,MPB082,MPB075_eq,transversion
Y,14536746,T,,T,G,MPB083,MPB075_eq,transversion
Y,14588713,G,,G,A,MPB084,MPB075_eq,transition
Y,14768064,G,,G,A,MPB085,MPB075_eq,transition
Y,16063187,C,,C,G,MPB086,MPB075_eq,transversion
Y,16312932,G,,G,A,MPB087,MPB075_eq,transition
Y,16361049,C,,C,G,MPB088,MPB075_eq,transversion
Y,16541267,G,,G,A,MPB089,MPB075_eq,transition
Y,16541273,T,,T,C,MPB090,MPB075_eq,transition
Y,16691849,C,,C,T,MPB091,MPB075_eq,transition
Y,17046880,T,,T,C,MPB092,MPB075_eq,transition
Y,18075139,C,,C,T,MPB093,MPB075_eq,transition
Y,18566385,T,,T,C,MPB094,MPB075_eq,transition
Y,18703360,A,,A,G,MPB095,MPB075_eq,transition
Y,19093267,T,,T,C,MPB096,MPB075_eq,transition
Y,19412415,G,,G,A,MPB097,MPB075_eq,transition
Y,19443704,C,,C,G,MPB098,MPB075_eq,transversion
Y,19535405,A,,A,G,MPB099,MPB075_eq,transition
Y,21068023,A,,A,C,MPB100,MPB075_eq,transversion
Y,21074311,T,,T,C,MPB101,MPB075_eq,transition
Y,21080509,G,,G,T,MPB102,MPB075_eq,transversion
Y,21212879,T,,T,C,MPB103,MPB075_eq,transition
Y,21476510,G,,G,A,MPB104,MPB075_eq,transition
Y,21593105,A,,A,G,MPB105,MPB075_eq,transition
Y,21627192,T,,T,C,MPB106,MPB075_eq,transition
Y,21758691,T,,T,G,MPB107,MPB075_eq,transversion
Y,22560182,C,,C,T,MPB108,MPB075_eq,transition
Y,22845730,T,,T,C,MPB109,MPB075_eq,transition
Y,23479934,A,,A,T,MPB110,MPB075_eq,transversion
Y,23558384,T,,T,C,MPB111,MPB075_eq,transition
Y,23762766,C,,C,T,MPB112,MPB075_eq,transition
Y,23885353,G,,G,A,MPB113,MPB075_eq,transition
Y,24430702,A,,A,G,MPB114,MPB075_eq,transition
Y,9399070,G,,G,C,MPB115,MPB115_eq,transversion
Y,2892835,G,,G,A,MPB116,MPB117_eq,transition
Y,7167652,G,,G,C,MPB117,MPB117_eq,transversion
Y,7368780,G,,G,A,MPB118,MPB117_eq,transition
Y,7821499,T,,T,C,MPB119,MPB117_eq,transition
Y,8234285,A,,A,G,MPB120,MPB117_eq,transition
Y,8474328,C,,C,A,MPB121,MPB117_eq,transversion
Y,8771442,C,,C,T,MPB122,MPB117_eq,transition
Y,9445826,A,,A,T,MPB123,MPB117_eq,transversion
Y,14424177,C,,C,T,MPB124,MPB117_eq,transition
Y,15097144,C,,C,G,MPB125,MPB117_eq,transversion
Y,15701678,A,,A,T,MPB126,MPB117_eq,transversion
Y,15820739,A,,A,G,MPB127,MPB117_eq,transition
Y,17709056,A,,A,T,MPB128,MPB117_eq,transversion
Y,18179405,A,,A,C,MPB129,MPB117_eq,transversion
Y,18232613,G,,G,T,MPB130,MPB117_eq,transversion
Y,19034296,G,,G,A,MPB131,MPB117_eq,transition
Y,19207786,T,,T,C,MPB132,MPB117_eq,transition
Y,21390792,A,,A,C,MPB133,MPB117_eq,transversion
Y,21735046,A,,A,G,MPB134,MPB117_eq,transition
Y,21906621,A,,A,G,MPB135,MPB117_eq,transition
Y,21907743,T,,T,C,MPB136,MPB117_eq,transition
Y,23292630,C,,C,G,MPB137,MPB117_eq,transversion
Y,19301608,C,,C,T,MPB138,MPB138_eq,transition
Y,6752837,T,,T,C,MPB139,MPB139_eq,transition
Y,8287550,G,,G,A,MPB140,Y2441_eq,transition
Y,14053382,A,,A,G,MPB141,Y2441_eq,transition
Y,14468205,G,,G,A,MPB142,Y2441_eq,transition
Y,14530849,T,,T,A,MPB143,Y2441_eq,transversion
Y,17426753,G,,G,A,MPB144,Y2441_eq,transition
Y,18975159,G,,G,A,MPB145,Y2441_eq,transition
Y,19099657,C,,C,T,MPB146,Y2441_eq,transition
Y,21848010,C,,C,T,MPB147,Y2441_eq,transition
Y,28683931,G,,G,A,MPB148,Y2441_eq,transition
Y,7568683,C,,C,T,MPB149,M859_eq,transition
Y,8060702,A,,A,G,MPB150,M859_eq,transition
Y,13895226,C,,C,T,MPB151,M859_eq,transition
Y,14391683,T,,T,C,MPB152,M859_eq,transition
Y,14454319,C,,C,T,MPB153,M859_eq,transition
Y,15780131,T,,T,C,MPB154,M859_eq,transition
Y,15803635,C,,C,T,MPB155,M859_eq,transition
Y,15918456,C,,C,T,MPB156,M859_eq,transition
Y,17179204,G,,G,A,MPB157,M859_eq,transition
Y,21346052,C,,C,T,MPB158,M859_eq,transition
Y,23113735,G,,G,A,MPB159,M859_eq,transition
Y,17485418,G,,G,T,MPB160,MPB160_eq,transversion
Y,18128727,G,,G,A,MPB161,MPB160_eq,transition
Y,13918077,G,,G,C,MPB162,CTS5173_eq,transversion
Y,22662786,C,,C,T,MPB163,CTS5173_eq,transition
Y,23857014,G,,G,T,MPB164,CTS5173_eq,transversion
Y,7327684,C,,C,T,MPB165,CTS749_eq,transition
Y,8055626,C,,C,A,MPB166,CTS749_eq,transversion
Y,16687733,A,,A,C,MPB167,CTS749_eq,transversion
Y,18223025,T,,T,A,MPB168,CTS749_eq,transversion
Y,28622574,T,,T,A,MPB169,CTS749_eq,transversion
Y,14067678,T,,T,C,MPB170,Y788_eq,transition
Y,18176034,G,,G,A,MPB171,B48_eq,transition
Y,18176035,G,,G,T,MPB172,B48_eq,transversion
Y,22065387,A,,A,C,MPB173,B48_eq,transversion
Y,22590797,C,,C,A,MPB174,Z19325_eq,transversion
Y,2866886,A,,A,G,MPB175,M217_eq,transition
Y,2906977,T,,T,G,MPB176,M217_eq,transversion
Y,9026967,G,,G,C,MPB177,M217_eq,transversion
Y,9155526,T,,T,C,MPB178,M217_eq,transition
Y,9852978,A,*,G,A,MPB179,M217_eq,transition
Y,14088642,G,,G,C,MPB180,M217_eq,transversion
Y,14164742,A,,A,C,MPB181,M217_eq,transversion
Y,14415575,T,*,A,T,MPB182,M217_eq,transversion
Y,14558487,T,,T,C,MPB183,M217_eq,transition
Y,16441975,A,,A,C,MPB184,M217_eq,transversion
Y,16525245,G,,G,A,MPB185,M217_eq,transition
Y,16723439,G,*,A,G,MPB186,M217_eq,transition
Y,17059788,G,,G,C,MPB187,M217_eq,transversion
Y,17635797,C,,C,T,MPB188,M217_eq,transition
Y,21338917,A,,A,G,MPB189,M217_eq,transition
Y,21463509,A,,A,C,MPB190,M217_eq,transversion
Y,21551712,C,,T,C,MPB191,M217_eq,transition
Y,23106743,T,,T,C,MPB192,M217_eq,transition
Y,23819893,A,,A,G,MPB193,M217_eq,transition
Y,23819894,C,,C,T,MPB194,M217_eq,transition
Y,23893846,T,,T,A,MPB195,M217_eq,transversion
Y,28733706,G,,G,A,MPB196,M217_eq,transition
Y,13954494,A,,A,T,MPB197,F2645_eq,transversion
Y,14154829,G,,G,A,MPB198,F2645_eq,transition
Y,22541478,T,,T,C,MPB199,F2645_eq,transition
Y,23552740,A,,A,C,MPB200,F2645_eq,transversion
Y,2791153,G,,G,T,MPB201,MPB202_eq,transversion
Y,2912440,A,,A,G,MPB202,MPB202_eq,transition
Y,7192489,A,,A,G,MPB203,MPB202_eq,transition
Y,7522390,G,,G,A,MPB204,MPB202_eq,transition
Y,7583952,A,,A,G,MPB205,MPB202_eq,transition
Y,7663595,A,,A,T,MPB206,MPB202_eq,transversion
Y,7816923,C,,C,T,MPB207,MPB202_eq,transition
Y,7861967,T,,T,C,MPB208,MPB202_eq,transition
Y,7955587,C,,C,G,MPB209,MPB202_eq,transversion
Y,8086993,G,,G,A,MPB210,MPB202_eq,transition
Y,8117980,G,,G,A,MPB211,MPB202_eq,transition
Y,8130588,C,,C,A,MPB212,MPB202_eq,transversion
Y,8725559,G,,G,A,MPB213,MPB202_eq,transition
Y,8758843,G,,G,A,MPB214,MPB202_eq,transition
Y,8823747,A,,A,G,MPB215,MPB202_eq,transition
Y,9036943,T,,T,G,MPB216,MPB202_eq,transversion
Y,9071156,A,,A,G,MPB217,MPB202_eq,transition
Y,9814402,G,,G,C,MPB218,MPB202_eq,transversion
Y,9826648,G,,G,A,MPB219,MPB202_eq,transition
Y,14184190,G,,G,T,MPB220,MPB202_eq,transversion
Y,14243427,G,,G,A,MPB221,MPB202_eq,transition
Y,14247288,G,,G,A,MPB222,MPB202_eq,transition
Y,14271260,A,,A,C,MPB223,MPB202_eq,transversion
Y,14286223,A,,A,T,MPB224,MPB202_eq,transversion
Y,14338720,C,,C,G,MPB225,MPB202_eq,transversion
Y,14500282,T,,T,C,MPB226,MPB202_eq,transition
Y,14553972,G,,G,C,MPB227,MPB202_eq,transversion
Y,14677329,C,,C,A,MPB228,MPB202_eq,transversion
Y,15106979,T,,T,G,MPB229,MPB202_eq,transversion
Y,15189825,G,,G,A,MPB230,MPB202_eq,transition
Y,15403498,C,,C,T,MPB231,MPB202_eq,transition
Y,15696222,T,,T,A,MPB232,MPB202_eq,transversion
Y,15712047,C,,C,T,MPB233,MPB202_eq,transition
Y,15788658,C,,C,T,MPB234,MPB202_eq,transition
Y,16251716,C,,C,T,MPB235,MPB202_eq,transition
Y,16266784,T,,T,A,MPB236,MPB202_eq,transversion
Y,16353598,G,,G,A,MPB237,MPB202_eq,transition
Y,16389417,A,,A,T,MPB238,MPB202_eq,transversion
Y,16469237,A,,A,T,MPB239,MPB202_eq,transversion
Y,16493266,C,,C,T,MPB240,MPB202_eq,transition
Y,16691143,A,,A,G,MPB241,MPB202_eq,transition
Y,16831325,C,,C,A,MPB242,MPB202_eq,transversion
Y,17329732,T,,T,G,MPB243,MPB202_eq,transversion
Y,17425833,G,,G,A,MPB244,MPB202_eq,transition
Y,17685572,C,,C,T,MPB245,MPB202_eq,transition
Y,17703465,T,,T,A,MPB246,MPB202_eq,transversion
Y,17746021,C,,C,T,MPB247,MPB202_eq,transition
Y,17776988,A,,A,C,MPB248,MPB202_eq,transversion
Y,17795000,T,,T,C,MPB249,MPB202_eq,transition
Y,17867484,G,,G,A,MPB250,MPB202_eq,transition
Y,18156743,C,,C,T,MPB251,MPB202_eq,transition
Y,18790965,A,,A,G,MPB252,MPB202_eq,transition
Y,18979974,A,,A,C,MPB253,MPB202_eq,transversion
Y,18995575,G,,G,A,MPB254,MPB202_eq,transition
Y,19036589,G,,G,C,MPB255,MPB202_eq,transversion
Y,19227498,C,,C,A,MPB256,MPB202_eq,transversion
Y,19312110,T,,T,C,MPB257,MPB202_eq,transition
Y,19450865,G,,G,T,MPB258,MPB202_eq,transversion
Y,19454081,G,,G,T,MPB259,MPB202_eq,transversion
Y,21166603,C,,C,T,MPB260,MPB202_eq,transition
Y,21290174,C,,C,T,MPB261,MPB202_eq,transition
Y,21406769,T,,T,A,MPB262,MPB202_eq,transversion
Y,21560985,G,,G,C,MPB263,MPB202_eq,transversion
Y,21575764,C,,C,T,MPB264,MPB202_eq,transition
Y,21586154,C,,C,T,MPB265,MPB202_eq,transition
Y,21617701,C,,C,G,MPB266,MPB202_eq,transversion
Y,21663475,A,,A,G,MPB267,MPB202_eq,transition
Y,21724801,G,,G,A,MPB268,MPB202_eq,transition
Y,21741806,G,,G,A,MPB269,MPB202_eq,transition
Y,21817516,A,,A,T,MPB270,MPB202_eq,transversion
Y,21818334,G,,G,C,MPB271,MPB202_eq,transversion
Y,21847820,T,,T,C,MPB272,MPB202_eq,transition
Y,21963893,T,,T,C,MPB273,MPB202_eq,transition
Y,22016882,C,,C,T,MPB274,MPB202_eq,transition
Y,22043161,C,,C,T,MPB275,MPB202_eq,transition
Y,22049780,T,,T,C,MPB276,MPB202_eq,transition
Y,22147836,T,,T,C,MPB277,MPB202_eq,transition
Y,22184213,G,,G,T,MPB278,MPB202_eq,transversion
Y,22197470,A,,A,T,MPB279,MPB202_eq,transversion
Y,22200309,T,,T,G,MPB280,MPB202_eq,transversion
Y,22561778,A,,A,T,MPB281,MPB202_eq,transversion
Y,22570797,A,,A,G,MPB282,MPB202_eq,transition
Y,22580163,A,,A,C,MPB283,MPB202_eq,transversion
Y,22597750,G,,G,A,MPB284,MPB202_eq,transition
Y,22664885,T,,T,C,MPB285,MPB202_eq,transition
Y,22677839,C,,C,T,MPB286,MPB202_eq,transition
Y,22790236,G,,G,A,MPB287,MPB202_eq,transition
Y,22791815,T,,T,C,MPB288,MPB202_eq,transition
Y,22853671,C,,C,G,MPB289,MPB202_eq,transversion
Y,22864923,C,,C,A,MPB290,MPB202_eq,transversion
Y,22910819,C,,C,T,MPB291,MPB202_eq,transition
Y,23068769,G,,G,A,MPB292,MPB202_eq,transition
Y,23141938,G,,G,T,MPB293,MPB202_eq,transversion
Y,23302758,G,,G,A,MPB294,MPB202_eq,transition
Y,23352113,C,,C,T,MPB295,MPB202_eq,transition
Y,23483200,T,,T,A,MPB296,MPB202_eq,transversion
Y,23599151,T,,T,C,MPB297,MPB202_eq,transition
Y,23622716,C,,C,A,MPB298,MPB202_eq,transversion
Y,23631646,G,,G,C,MPB299,MPB202_eq,transversion
Y,23792104,A,,A,G,MPB300,MPB202_eq,transition
Y,23837388,T,,T,C,MPB301,MPB202_eq,transition
Y,23845804,A,,A,G,MPB302,MPB202_eq,transition
Y,24400827,C,,C,T,MPB303,MPB202_eq,transition
Y,28530022,C,,C,T,MPB304,MPB202_eq,transition
Y,28598834,T,,T,A,MPB305,MPB202_eq,transversion
Y,28611792,A,,A,G,MPB306,MPB202_eq,transition
Y,28625358,G,,G,T,MPB307,MPB202_eq,transversion
Y,28627420,C,,C,G,MPB308,MPB202_eq,transversion
Y,28632490,G,,G,A,MPB309,MPB202_eq,transition
Y,2825845,T,,T,C,MPB310,L1373_eq,transition
Y,7311605,T,,T,C,MPB311,L1373_eq,transition
Y,7699333,G,,G,A,MPB312,L1373_eq,transition
Y,7699334,G,,G,C,MPB313,L1373_eq,transversion
Y,7699339,T,,T,A,MPB314,L1373_eq,transversion
Y,8789892,A,,A,G,MPB315,L1373_eq,transition
Y,9018408,A,,A,C,MPB316,L1373_eq,transversion
Y,14232066,G,,G,A,MPB317,L1373_eq,transition
Y,14681686,G,,G,A,MPB318,L1373_eq,transition
Y,14776357,C,,C,A,MPB319,L1373_eq,transversion
Y,15335968,C,,C,T,MPB320,L1373_eq,transition
Y,15431772,T,,T,A,MPB321,L1373_eq,transversion
Y,16778040,C,,C,T,MPB322,L1373_eq,transition
Y,16922763,A,,A,T,MPB323,L1373_eq,transversion
Y,17040435,T,,T,G,MPB324,L1373_eq,transversion
Y,17480413,G,,G,C,MPB325,L1373_eq,transversion
Y,19047453,G,,G,A,MPB326,L1373_eq,transition
Y,19438408,G,,G,A,MPB327,L1373_eq,transition
Y,19476809,C,,C,A,MPB328,L1373_eq,transversion
Y,21227195,C,,C,G,MPB329,L1373_eq,transversion
Y,23560169,G,,G,C,MPB330,L1373_eq,transversion
Y,23768635,G,,G,T,MPB331,L1373_eq,transversion
Y,23856842,G,,G,A,MPB332,L1373_eq,transition
Y,23867279,A,,A,G,MPB333,L1373_eq,transition
Y,23961303,A,,A,G,MPB334,L1373_eq,transition
Y,24383087,T,,T,C,MPB335,L1373_eq,transition
Y,24418076,C,,C,T,MPB336,L1373_eq,transition
Y,24465309,T,,T,G,MPB337,L1373_eq,transversion
Y,2683469,C,,C,T,MPB338,F1699_eq,transition
Y,17482729,C,,C,A,MPB339,F1699_eq,transversion
Y,21320604,C,,C,A,MPB340,F1699_eq,transversion
Y,2768208,G,,G,A,MPB341,M77_eq,transition
Y,6999771,A,,A,T,MPB342,M77_eq,transversion
Y,7980793,T,,T,G,MPB343,M77_eq,transversion
Y,8810919,A,,A,C,MPB344,M77_eq,transversion
Y,9432239,A,,A,G,MPB345,M77_eq,transition
Y,13888443,T,,T,C,MPB346,M77_eq,transition
Y,13910271,G,,G,C,MPB347,M77_eq,transversion
Y,14327870,G,,G,A,MPB348,M77_eq,transition
Y,14356148,C,,C,A,MPB349,M77_eq,transversion
Y,14426039,T,,T,A,MPB350,M77_eq,transversion
Y,14483622,T,,T,C,MPB351,M77_eq,transition
Y,14514365,T,,T,C,MPB352,M77_eq,transition
Y,14696972,C,,C,T,MPB353,M77_eq,transition
Y,14753563,C,,C,T,MPB354,M77_eq,transition
Y,14801988,C,,C,T,MPB355,M77_eq,transition
Y,16028996,A,,A,G,MPB356,M77_eq,transition
Y,17025307,G,,G,C,MPB357,M77_eq,transversion
Y,17534390,A,,A,T,MPB358,M77_eq,transversion
Y,17860352,C,,C,G,MPB359,M77_eq,transversion
Y,19299411,G,,G,A,MPB360,M77_eq,transition
Y,19341448,G,,G,A,MPB361,M77_eq,transition
Y,21769943,G,,G,A,MPB362,M77_eq,transition
Y,21805340,G,,G,C,MPB363,M77_eq,transversion
Y,22013371,A,,A,G,MPB364,M77_eq,transition
Y,23258051,G,,G,T,MPB365,M77_eq,transversion
Y,23476936,G,*,T,A,MPB366,M77_eq,transversion
Y,23801665,A,,A,C,MPB367,M77_eq,transversion
Y,23802146,T,,T,C,MPB368,M77_eq,transition
Y,23804795,C,,C,T,MPB369,M77_eq,transition
Y,23860481,T,,T,A,MPB370,M77_eq,transversion
Y,28513604,C,,C,T,MPB371,M77_eq,transition
Y,28673059,G,,G,A,MPB372,M77_eq,transition
Y,2710901,A,,A,G,MPB373,MPB373_eq,transition
Y,7171503,G,,G,A,MPB374,MPB373_eq,transition
Y,7820252,T,,T,C,MPB375,MPB373_eq,transition
Y,8143341,G,,G,A,MPB376,MPB373_eq,transition
Y,8516245,C,,C,G,MPB377,MPB373_eq,transversion
Y,15787488,G,,G,A,MPB378,MPB373_eq,transition
Y,16195409,A,,A,G,MPB379,MPB373_eq,transition
Y,16260151,G,,G,C,MPB380,MPB373_eq,transversion
Y,16524391,C,,C,T,MPB381,MPB373_eq,transition
Y,17762528,C,,C,T,MPB382,MPB373_eq,transition
Y,18995622,T,,T,A,MPB383,MPB373_eq,transversion
Y,15491075,G,,G,A,MPB384,MPB384_eq,transition
Y,17882580,T,,T,C,MPB385,MPB384_eq,transition
Y,16945894,A,,A,G,MPB386,M217_eq,transition
Y,18197426,T,,T,C,MPB387,L1373_eq,transition
Y,18852066,G,,G,A,MPB388,L1373_eq,transition
Y,2794263,C,,C,G,MPB389,M504_eq,transversion
Y,2888614,C,,C,T,MPB390,M504_eq,transition
Y,8886095,A,,A,G,MPB391,M504_eq,transition
Y,14066046,G,,G,C,MPB392,M504_eq,transversion
Y,14595328,T,,T,C,MPB393,M504_eq,transition
Y,16021009,T,,T,C,MPB394,M504_eq,transition
Y,19346785,C,,C,A,MPB395,M504_eq,transversion
Y,22653363,T,,T,C,MPB396,M504_eq,transition
Y,23545476,T,,T,G,MPB397,M504_eq,transversion
Y,23545477,A,,A,G,MPB398,M504_eq,transition
Y,23785261,C,,C,G,MPB399,M504_eq,transversion
Y,28480076,G,,G,A,MPB400,Y4580_eq,transition
Y,8340398,A,,A,T,MPB401,SK1075_eq,transversion
Y,14201430,T,,T,C,MPB402,SK1075_eq,transition
Y,9017255,G,,G,A,MPB403,F10374_eq,transition
Y,9030988,T,,T,C,MPB404,F10374_eq,transition
Y,7980793,T,,T,G,MPB405,M48_eq,transversion
Y,14327870,G,,G,A,MPB406,M48_eq,transition
Y,14426039,T,,T,A,MPB407,M48_eq,transversion
Y,14753563,C,,C,T,MPB408,M48_eq,transition
Y,14801988,C,,C,T,MPB409,M48_eq,transition
Y,16028996,A,,A,G,MPB410,M48_eq,transition
Y,17860352,C,,C,G,MPB411,M48_eq,transversion
Y,19341448,G,,G,A,MPB412,M48_eq,transition
Y,19439624,C,,C,A,MPB413,M48_eq,transversion
Y,21769943,G,,G,A,MPB414,M48_eq,transition
Y,23258051,G,,G,T,MPB415,M48_eq,transversion
Y,23801665,A,,A,C,MPB416,M48_eq,transversion
Y,23804795,C,,C,T,MPB417,M48_eq,transition
Y,2851754,T,,T,A,MPB418,F6379_eq,transversion
Y,15025240,A,,A,G,MPB419,F6379_eq,transition
Y,13927765,T,,T,C,MPB420,Y15844_eq,transition
Y,7271320,T,,T,C,MPB421,Y15552_eq,transition
Y,19453359,A,,A,G,MPB422,Y15552_eq,transition
Y,16642510,G,,G,C,MPB423,F1096_eq,transversion
Y,19033874,T,,T,C,MPB424,F1096_eq,transition
Y,22942417,C,,C,T,MPB425,F1096_eq,transition
Y,2752579,A,,A,G,MPB426,F746_eq,transition
Y,8500133,G,,G,A,MPB427,F746_eq,transition
Y,8631247,A,,A,G,MPB428,F746_eq,transition
Y,9140911,G,,G,T,MPB429,F746_eq,transversion
Y,13897865,G,,G,T,MPB430,F746_eq,transversion
Y,13996143,G,,G,A,MPB431,F746_eq,transition
Y,9140943,C,,C,T,MPB432,L330_eq,transition
Y,9419129,C,,C,G,MPB433,L330_eq,transversion
Y,9840468,C,,C,G,MPB434,L330_eq,transversion
Y,14333077,G,,G,T,MPB435,L330_eq,transversion
Y,14482079,G,,G,A,MPB436,L330_eq,transition
Y,16344555,T,,T,C,MPB437,L330_eq,transition
Y,17520525,C,,C,T,MPB438,L330_eq,transition
Y,21449806,G,,G,T,MPB439,L330_eq,transversion
Y,21961192,A,,A,G,MPB440,L330_eq,transition
Y,23746107,G,,G,A,MPB441,L330_eq,transition
Y,23753000,C,,C,A,MPB442,L330_eq,transversion
Y,23778581,T,,T,A,MPB443,L330_eq,transversion
Y,28745462,T,,T,C,MPB444,L330_eq,transition
Y,9025979,G,,G,A,MPB445,L804_eq,transition
Y,16406054,G,,G,A,MPB446,L804_eq,transition
Y,16602234,T,,T,A,MPB447,L804_eq,transversion
Y,18573937,T,,T,C,MPB448,L804_eq,transition
Y,21984342,T,,T,A,MPB449,L804_eq,transversion
Y,28769550,T,,T,C,MPB450,L804_eq,transition
Y,17657595,G,,G,T,MPB451,M3_eq,transversion
Y,17657596,A,,A,T,MPB452,M3_eq,transversion
,,,,,,,,
,,,,,,,,
,,,,,,,,
"note 1: haplotype obtained from A haplogroups Y chromosomes from 1000 Genomes populations (HG02982; HG01890; HG02613; HG02645; HG02666), please see sheet ""ancestral_alleles"" for genotype calls.",,,,,,,,
note 2: asterisk indicates ancestral allele is not the same as reference. It may indicate recurrent mutations.,,,,,,,,
